Workbook

Sheet Summary
A1: Monthly Sales MIS Report (Jan to Jun 2026)
A3: Key Numbers
A4: Total Sales | B4: =SUM('Clean data'!H:H) -> 13933930
A5: Total Orders | B5: =COUNTA('Clean data'!A:A)-1 -> 489
A6: Average Order Value | B6: =B4/B5 -> 28494.744
A8: Insight Numbers
A9: Top Region | B9: =INDEX('SUMIF Analysis'!A2:A5,MATCH(MAX('SUMIF Analysis'!B2:B5),'SUMIF Analysis'!B2:B5,0)) -> West | C9: =MAX('SUMIF Analysis'!B2:B5)/B4 -> 0.30954009
A10: Lowest Region | B10: =INDEX('SUMIF Analysis'!A2:A5,MATCH(MIN('SUMIF Analysis'!B2:B5),'SUMIF Analysis'!B2:B5,0)) -> East | C10: =MIN('SUMIF Analysis'!B2:B5)/B4 -> 0.18977919
A11: Best Month | B11: =INDEX(Charts!A2:A7,MATCH(MAX(Charts!B2:B7),Charts!B2:B7,0)) -> Apr | C11: =MAX(Charts!B2:B7) -> 2657030
A12: Weakest Month | B12: =INDEX(Charts!A2:A7,MATCH(MIN(Charts!B2:B7),Charts!B2:B7,0)) -> Mar | C12: =MIN(Charts!B2:B7) -> 1534800
A13: Top Product | B13: =INDEX('SUMIF Analysis'!D2:D11,MATCH(MAX('SUMIF Analysis'!E2:E11),'SUMIF Analysis'!E2:E11,0)) -> Laptop | C13: 0.413
A14: Top 5 Products Share | C14: =SUM(Charts!B32:B36)/B4 -> 0.73537042
A15: Unmapped Orders (Not Found) | B15: =COUNTIF('Clean data'!I:I,"Not Found") -> 6 | C15: ='SUMIF Analysis'!E12/B4 -> 0.013154939
A17: Key Insights
A18: 1. West was the top region with ₹43.13 lakh (31% of total sales), while East was the lowest with ₹26.44 lakh (19%). The gap is about ₹16.7 lakh, so East needs more focus.
A19: 2. April was the best month (₹26.57 lakh) and March was the weakest (₹15.35 lakh). March sales were about 42% lower than April, so the reason for the March dip should be checked.
A20: 3. Laptop alone contributed 41% of total sales, and the top 5 products together contributed 73.5%. Depending on a few products is a risk, so other products should be promoted too.
A21: 4. Six orders (₹1.83 lakh, 1.3% of sales) have Product IDs that are missing from the Product Master. The master list should be updated so that product-wise reporting is complete.

Sheet Charts
A1: Months | B1: Total Sales
A2: Jan | B2: =Pivot!F5 -> 2573050
A3: Feb | B3: =Pivot!F6 -> 2202160
A4: Mar | B4: =Pivot!F7 -> 1534800
A5: Apr | B5: =Pivot!F8 -> 2657030
A6: May | B6: =Pivot!F9 -> 2617400
A7: Jun | B7: =Pivot!F10 -> 2349490
A17: Region | B17: Total Sales
A18: ='SUMIF Analysis'!A2 -> East | B18: ='SUMIF Analysis'!B2 -> 2644370
A19: ='SUMIF Analysis'!A3 -> North | B19: ='SUMIF Analysis'!B3 -> 3198340
A20: ='SUMIF Analysis'!A4 -> South | B20: ='SUMIF Analysis'!B4 -> 3778110
A21: ='SUMIF Analysis'!A5 -> West | B21: ='SUMIF Analysis'!B5 -> 4313110
A31: Product | B31: Total Sales
A32: =INDEX('SUMIF Analysis'!$D$2:$D$11,MATCH(B32,'SUMIF Analysis'!$E$2:$E$11,0)) -> Laptop | B32: =LARGE('SUMIF Analysis'!$E$2:$E$11,ROWS(B$25:B25)) -> 5760000
A33: =INDEX('SUMIF Analysis'!$D$2:$D$11,MATCH(B33,'SUMIF Analysis'!$E$2:$E$11,0)) -> Headphones | B33: =LARGE('SUMIF Analysis'!$E$2:$E$11,ROWS(B$25:B26)) -> 1203400
A34: =INDEX('SUMIF Analysis'!$D$2:$D$11,MATCH(B34,'SUMIF Analysis'!$E$2:$E$11,0)) -> Office Chair | B34: =LARGE('SUMIF Analysis'!$E$2:$E$11,ROWS(B$25:B27)) -> 1200000
A35: =INDEX('SUMIF Analysis'!$D$2:$D$11,MATCH(B35,'SUMIF Analysis'!$E$2:$E$11,0)) -> Monitor | B35: =LARGE('SUMIF Analysis'!$E$2:$E$11,ROWS(B$25:B28)) -> 1068000
A36: =INDEX('SUMIF Analysis'!$D$2:$D$11,MATCH(B36,'SUMIF Analysis'!$E$2:$E$11,0)) -> Keyboard | B36: =LARGE('SUMIF Analysis'!$E$2:$E$11,ROWS(B$25:B29)) -> 1015200

Sheet Pivot
A3: Sum of Total Sales | B3: Column Labels
A4: Row Labels | B4: East | C4: North | D4: South | E4: West | F4: Grand Total
A5: Jan | B5: 359820 | C5: 564580 | D5: 764200 | E5: 884450 | F5: 2573050
A6: Feb | B6: 422740 | C6: 389940 | D6: 699510 | E6: 689970 | F6: 2202160
A7: Mar | B7: 298450 | C7: 443160 | D7: 293920 | E7: 499270 | F7: 1534800
A8: Apr | B8: 394440 | C8: 772110 | D8: 620280 | E8: 870200 | F8: 2657030
A9: May | B9: 576330 | C9: 523140 | D9: 457300 | E9: 1060630 | F9: 2617400
A10: Jun | B10: 592590 | C10: 505410 | D10: 942900 | E10: 308590 | F10: 2349490
A11: Grand Total | B11: 2644370 | C11: 3198340 | D11: 3778110 | E11: 4313110 | F11: 13933930

Sheet SUMIF Analysis
A1: Region | B1: Total Sales | D1: Product Name | E1: Total Sales
A2: East | B2: =SUMIF('Clean data'!C:C,A2,'Clean data'!H:H) -> 2644370 | D2: Laptop | E2: =SUMIF('Clean data'!I:I,D2,'Clean data'!H:H) -> 5760000
A3: North | B3: =SUMIF('Clean data'!C:C,A3,'Clean data'!H:H) -> 3198340 | D3: Monitor | E3: =SUMIF('Clean data'!I:I,D3,'Clean data'!H:H) -> 1068000
A4: South | B4: =SUMIF('Clean data'!C:C,A4,'Clean data'!H:H) -> 3778110 | D4: Printer | E4: =SUMIF('Clean data'!I:I,D4,'Clean data'!H:H) -> 589000
A5: West | B5: =SUMIF('Clean data'!C:C,A5,'Clean data'!H:H) -> 4313110 | D5: Wireless Mouse | E5: =SUMIF('Clean data'!I:I,D5,'Clean data'!H:H) -> 615550
A6: Total | B6: =SUM(B2:B5) -> 13933930 | D6: Keyboard | E6: =SUMIF('Clean data'!I:I,D6,'Clean data'!H:H) -> 1015200
D7: Headphones | E7: =SUMIF('Clean data'!I:I,D7,'Clean data'!H:H) -> 1203400
D8: Office Chair | E8: =SUMIF('Clean data'!I:I,D8,'Clean data'!H:H) -> 1200000
D9: Study Desk | E9: =SUMIF('Clean data'!I:I,D9,'Clean data'!H:H) -> 842800
D10: Notebook Pack | E10: =SUMIF('Clean data'!I:I,D10,'Clean data'!H:H) -> 989760
D11: Pen Box | E11: =SUMIF('Clean data'!I:I,D11,'Clean data'!H:H) -> 466920
D12: Not Found | E12: =SUMIF('Clean data'!I:I,D12,'Clean data'!H:H) -> 183300
D13: Total | E13: =SUM(E2:E12) -> 13933930

Sheet Clean data
A1: Order ID | B1: Date | C1: Region | D1: Product ID | E1: Quantity | F1: Unit Price | G1: Salesperson | H1: Total Sales | I1: Product Name | J1: Category
A2: ORD-2001 | B2: 46023 | C2: East | D2: P107 | E2: 5 | F2: 7500 | G2: Riya Sen | H2: =E2*F2 -> 37500 | I2: =IFERROR(VLOOKUP(D2,'product master'!A:C,2,FALSE),"Not Found") -> Office Chair | J2: =IFERROR(VLOOKUP(D2,'product master'!A:C,3,FALSE),"Not Found") -> Furniture
A3: ORD-2002 | B3: 46023 | C3: North | D3: P110 | E3: 17 | F3: 180 | G3: Vikas Jadhav | H3: =E3*F3 -> 3060 | I3: =IFERROR(VLOOKUP(D3,'product master'!A:C,2,FALSE),"Not Found") -> Pen Box | J3: =IFERROR(VLOOKUP(D3,'product master'!A:C,3,FALSE),"Not Found") -> Stationery
A4: ORD-2003 | B4: 46024 | C4: North | D4: P101 | E4: 4 | F4: 45000 | G4: Vikas Jadhav | H4: =E4*F4 -> 180000 | I4: =IFERROR(VLOOKUP(D4,'product master'!A:C,2,FALSE),"Not Found") -> Laptop | J4: =IFERROR(VLOOKUP(D4,'product master'!A:C,3,FALSE),"Not Found") -> Electronics
A5: ORD-2004 | B5: 46024 | C5: West | D5: P104 | E5: 17 | F5: 650 | G5: Sneha Kulkarni | H5: =E5*F5 -> 11050 | I5: =IFERROR(VLOOKUP(D5,'product master'!A:C,2,FALSE),"Not Found") -> Wireless Mouse | J5: =IFERROR(VLOOKUP(D5,'product master'!A:C,3,FALSE),"Not Found") -> Accessories
A6: ORD-2005 | B6: 46024 | C6: East | D6: P109 | E6: 76 | F6: 320 | G6: Arnab Ghosh | H6: =E6*F6 -> 24320 | I6: =IFERROR(VLOOKUP(D6,'product master'!A:C,2,FALSE),"Not Found") -> Notebook Pack | J6: =IFERROR(VLOOKUP(D6,'product master'!A:C,3,FALSE),"Not Found") -> Stationery
A7: ORD-2006 | B7: 46024 | C7: South | D7: P101 | E7: 3 | F7: 45000 | G7: Suresh Reddy | H7: =E7*F7 -> 135000 | I7: =IFERROR(VLOOKUP(D7,'product master'!A:C,2,FALSE),"Not Found") -> Laptop | J7: =IFERROR(VLOOKUP(D7,'product master'!A:C,3,FALSE),"Not Found") -> Electronics
A8: ORD-2007 | B8: 46025 | C8: North | D8: P104 | E8: 19 | F8: 650 | G8: Neha Verma | H8: =E8*F8 -> 12350 | I8: =IFERROR(VLOOKUP(D8,'product master'!A:C,2,FALSE),"Not Found") -> Wireless Mouse | J8: =IFERROR(VLOOKUP(D8,'product master'!A:C,3,FALSE),"Not Found") -> Accessories
A9: ORD-2008 | B9: 46025 | C9: West | D9: P101 | E9: 1 | F9: 45000 | G9: Rohan Patil | H9: =E9*F9 -> 45000 | I9: =IFERROR(VLOOKUP(D9,'product master'!A:C,2,FALSE),"Not Found") -> Laptop | J9: =IFERROR(VLOOKUP(D9,'product master'!A:C,3,FALSE),"Not Found") -> Electronics
A10: ORD-2009 | B10: 46025 | C10: North | D10: P109 | E10: 23 | F10: 320 | G10: Vikas Jadhav | H10: =E10*F10 -> 7360 | I10: =IFERROR(VLOOKUP(D10,'product master'!A:C,2,FALSE),"Not Found") -> Notebook Pack | J10: =IFERROR(VLOOKUP(D10,'product master'!A:C,3,FALSE),"Not Found") -> Stationery
A11: ORD-2010 | B11: 46025 | C11: West | D11: P107 | E11: 6 | F11: 7500 | G11: Pooja Desai | H11: =E11*F11 -> 45000 | I11: =IFERROR(VLOOKUP(D11,'product master'!A:C,2,FALSE),"Not Found") -> Office Chair | J11: =IFERROR(VLOOKUP(D11,'product master'!A:C,3,FALSE),"Not Found") -> Furniture
A12: ORD-2011 | B12: 46026 | C12: North | D12: P107 | E12: 6 | F12: 7500 | G12: Vikas Jadhav | H12: =E12*F12 -> 45000 | I12: =IFERROR(VLOOKUP(D12,'product master'!A:C,2,FALSE),"Not Found") -> Office Chair | J12: =IFERROR(VLOOKUP(D12,'product master'!A:C,3,FALSE),"Not Found") -> Furniture
A13: ORD-2012 | B13: 46026 | C13: West | D13: P102 | E13: 4 | F13: 12000 | G13: Pooja Desai | H13: =E13*F13 -> 48000 | I13: =IFERROR(VLOOKUP(D13,'product master'!A:C,2,FALSE),"Not Found") -> Monitor | J13: =IFERROR(VLOOKUP(D13,'product master'!A:C,3,FALSE),"Not Found") -> Electronics
... A490: ORD-2500 | B490: 46203 | C490: South | D490: P105 | E490: 6 | F490: 1200 | G490: Divya Nair | H490: =E490*F490 -> 7200 | I490: =IFERROR(VLOOKUP(D490,'product master'!A:C,2,FALSE),"Not Found") -> Keyboard | J490: =IFERROR(VLOOKUP(D490,'product master'!A:C,3,FALSE),"Not Found") -> Accessories

Sheet product master
A1: Column1 | B1: Column2 | C1: Column3
A2: Product ID | B2: Product Name | C2: Category
A3: P101 | B3: Laptop | C3: Electronics
A4: P102 | B4: Monitor | C4: Electronics
A5: P103 | B5: Printer | C5: Electronics
A6: P104 | B6: Wireless Mouse | C6: Accessories
A7: P105 | B7: Keyboard | C7: Accessories
A8: P106 | B8: Headphones | C8: Accessories
A9: P107 | B9: Office Chair | C9: Furniture
A10: P108 | B10: Study Desk | C10: Furniture
A11: P109 | B11: Notebook Pack | C11: Stationery
A12: P110 | B12: Pen Box | C12: Stationery
